1195\t"population of Christmas Island, nation"\tis\t1496.0\tpeople
1196\t"population of Bhutan, nation"\tis\t716896.0\tpeople
1197\t"population of Sri Lanka, nation"\tis\t21481334.0\tpeople
1198\t"population of Austria, nation"\tis\t8219743.0\tpeople
1199\t"population of Colombia, nation"\tis\t45239079.0\tpeople
1200\t"population of Sao Tome and Principe, nation"\tis\t183176.0\tpeople
1201\t"population of the world"\tis\t7021836029.0\tpeople
1202\t"population of Democratic Republic of the Congo, nation"\tis\t73599190.0\tpeople
1203\t"population of Nepal, nation"\tis\t29890686.0\tpeople
1204\t"population of Mauritius, nation"\tis\t1313095.0\tpeople
1205\t"population of Paraguay, nation"\tis\t6541591.0\tpeople
1206\t"population of Equatorial Guinea, nation"\tis\t685991.0\tpeople
1207\t"population of India, nation"\tis\t1205073612.0\tpeople
1208\t"population of Lebanon, nation"\tis\t4140289.0\tpeople
1209\t"population of Ireland, nation"\tis\t4722028.0\tpeople
1210\t"population of Morocco, nation"\tis\t32309239.0\tpeople
1211\t"population of Turkmenistan, nation"\tis\t5054828.0\tpeople
1212\t"population of Ghana, nation"\tis\t24652402.0\tpeople
1213\t"population of Jamaica, nation"\tis\t2889187.0\tpeople
1214\t"population of Russia, nation"\tis\t142517670.0\tpeople
1215\t"population of Norfolk Island, nation"\tis\t2182.0\tpeople
1216\t"population of Belize, nation"\tis\t327719.0\tpeople
1217\t"population of American Samoa, nation"\tis\t54947.0\tpeople
1218\t"population of Saint Pierre and Miquelon, nation"\tis\t5831.0\tpeople
1219\t"population of Cameroon, nation"\tis\t20129878.0\tpeople
1220\t"population of Solomon Islands, nation"\tis\t584578.0\tpeople
1221\t"population of Benin, nation"\tis\t9598787.0\tpeople
1222\t"population of United Kingdom, nation"\tis\t63047162.0\tpeople
1223\t"population of Slovakia, nation"\tis\t5483088.0\tpeople
1224\t"population of Federated States of Micronesia, nation"\tis\t106487.0\tpeople
1225\t"population of Vietnam, nation"\tis\t91519289.0\tpeople
1226\t"population of Saint Lucia, nation"\tis\t162178.0\tpeople
1227\t"population of Falkland Islands, nation"\tis\t3140.0\tpeople
1228\t"population of Senegal, nation"\tis\t12969606.0\tpeople
1229\t"population of Guinea, nation"\tis\t10884958.0\tpeople
1230\t"population of Nigeria, nation"\tis\t170123740.0\tpeople
1231\t"population of Argentina, nation"\tis\t42192494.0\tpeople
1232\t"population of Liechtenstein, nation"\tis\t36713.0\tpeople
1233\t"population of Nauru, nation"\tis\t9378.0\tpeople
1234\t"population of Swaziland, nation"\tis\t1386914.0\tpeople
1235\t"population of Trinidad and Tobago, nation"\tis\t1226383.0\tpeople
1236\t"population of Cote d'Ivoire, nation"\tis\t21952093.0\tpeople
1237\t"population of Bolivia, nation"\tis\t10290003.0\tpeople
1238\t"population of Guinea-Bissau, nation"\tis\t1628603.0\tpeople
1239\t"population of Gabon, nation"\tis\t1608321.0\tpeople
1240\t"population of Finland, nation"\tis\t5262930.0\tpeople
1241\t"population of Syria, nation"\tis\t22530746.0\tpeople
1242\t"population of Vanuatu, nation"\tis\t256155.0\tpeople
1243\t"population of Rwanda, nation"\tis\t11689696.0\tpeople
1244\t"population of Venezuela, nation"\tis\t28047938.0\tpeople
1245\t"population of Burundi, nation"\tis\t10557259.0\tpeople
1246\t"population of Slovenia, nation"\tis\t1996617.0\tpeople
1247\t"population of Luxembourg, nation"\tis\t509074.0\tpeople
1248\t"population of Laos, nation"\tis\t6586266.0\tpeople
1249\t"population of Sierra Leone, nation"\tis\t5485998.0\tpeople
1250\t"population of Cape Verde, nation"\tis\t523568.0\tpeople
1251\t"population of Iran, nation"\tis\t78868711.0\tpeople
1252\t"population of Yemen, nation"\tis\t24771809.0\tpeople
1253\t"population of Cyprus, nation"\tis\t1138071.0\tpeople
1254\t"population of Armenia, nation"\tis\t2970495.0\tpeople
1255\t"population of Moldova, nation"\tis\t3656843.0\tpeople
1256\t"population of United States, nation"\tis\t313847465.0\tpeople
1257\t"population of Saint Helena, Ascension, and Tristan da Cunha, nation"\tis\t7728.0\tpeople
1258\t"population of Timor-Leste, nation"\tis\t1143667.0\tpeople
1259\t"population of North Korea, nation"\tis\t24589122.0\tpeople
1260\t"population of Peru, nation"\tis\t29549517.0\tpeople
1261\t"population of Uruguay, nation"\tis\t3316328.0\tpeople
1262\t"population of Oman, nation"\tis\t3090150.0\tpeople
1263\t"population of Belarus, nation"\tis\t9643566.0\tpeople
1264\t"population of Honduras, nation"\tis\t8296693.0\tpeople
1265\t"population of Pakistan, nation"\tis\t190291129.0\tpeople
1266\t"population of Costa Rica, nation"\tis\t4636348.0\tpeople
1267\t"population of Cayman Islands, nation"\tis\t52560.0\tpeople
1268\t"population of San Marino, nation"\tis\t32140.0\tpeople
1269\t"population of Saint Kitts and Nevis, nation"\tis\t50726.0\tpeople
1270\t"population of Bermuda, nation"\tis\t69080.0\tpeople
1271\t"population of Albania, nation"\tis\t3002859.0\tpeople
1272\t"population of Portugal, nation"\tis\t10781459.0\tpeople
1273\t"population of Curacao, nation"\tis\t145834.0\tpeople
1274\t"population of Niger, nation"\tis\t16344687.0\tpeople
1275\t"population of Panama, nation"\tis\t3510045.0\tpeople
1276\t"population of Samoa, nation"\tis\t194320.0\tpeople
1277\t"population of Namibia, nation"\tis\t2165828.0\tpeople
1278\t"population of Ethiopia, nation"\tis\t91195675.0\tpeople
1279\t"population of Mali, nation"\tis\t15494466.0\tpeople
1280\t"population of El Salvador, nation"\tis\t6090646.0\tpeople
1281\t"population of Eritrea, nation"\tis\t6086495.0\tpeople
1282\t"population of Guatemala, nation"\tis\t14099032.0\tpeople
1283\t"population of Bahrain, nation"\tis\t1248348.0\tpeople
1284\t"population of Guyana, nation"\tis\t741908.0\tpeople
1285\t"population of Czech Republic, nation"\tis\t10177300.0\tpeople
1286\t"population of Angola, nation"\tis\t18056072.0\tpeople
1287\t"population of Malaysia, nation"\tis\t29179952.0\tpeople
1288\t"population of Belgium, nation"\tis\t10438353.0\tpeople
1289\t"population of United Arab Emirates, nation"\tis\t5314317.0\tpeople
1290\t"population of Indonesia, nation"\tis\t248645008.0\tpeople
1291\t"population of Suriname, nation"\tis\t560157.0\tpeople
1292\t"population of Romania, nation"\tis\t21848504.0\tpeople
1293\t"population of Sint Maarten, nation"\tis\t39088.0\tpeople
1294\t"population of Sudan, nation"\tis\t34206710.0\tpeople
1295\t"population of Tokelau, nation"\tis\t1368.0\tpeople
1296\t"population of Puerto Rico, nation"\tis\t3690923.0\tpeople
1297\t"population of Northern Mariana Islands, nation"\tis\t51395.0\tpeople
1298\t"population of Haiti, nation"\tis\t9801664.0\tpeople
1299\t"population of Tunisia, nation"\tis\t10732900.0\tpeople
1300\t"population of Egypt, nation"\tis\t83688164.0\tpeople
1301\t"population of Turkey, nation"\tis\t79749461.0\tpeople
1302\t"population of France, nation"\tis\t65630692.0\tpeople
1303\t"population of Chile, nation"\tis\t17067369.0\tpeople
1304\t"population of Uzbekistan, nation"\tis\t28394180.0\tpeople
1305\t"population of Libya, nation"\tis\t5613380.0\tpeople
1306\t"population of Brazil, nation"\tis\t199321413.0\tpeople
1307\t"population of British Virgin Islands, nation"\tis\t31148.0\tpeople
1308\t"population of Republic of the Congo, nation"\tis\t4366266.0\tpeople
1309\t"population of Mozambique, nation"\tis\t23515934.0\tpeople
1310\t"population of Latvia, nation"\tis\t2191580.0\tpeople
1311\t"population of Faroe Islands, nation"\tis\t49483.0\tpeople
1312\t"population of Tuvalu, nation"\tis\t10619.0\tpeople
1313\t"population of Dominican Republic, nation"\tis\t10088598.0\tpeople
1314\t"population of Brunei, nation"\tis\t408786.0\tpeople
1315\t"population of Italy, nation"\tis\t61261254.0\tpeople
1316\t"population of Montenegro, nation"\tis\t657394.0\tpeople
1317\t"population of Qatar, nation"\tis\t1951591.0\tpeople
1318\t"population of Greenland, nation"\tis\t57695.0\tpeople
1319\t"population of Kiribati, nation"\tis\t101998.0\tpeople
1320\t"population of South Korea, nation"\tis\t48860500.0\tpeople
1321\t"population of Gaza Strip, nation"\tis\t1710257.0\tpeople
1322\t"population of New Zealand, nation"\tis\t4327944.0\tpeople
1323\t"population of Anguilla, nation"\tis\t15423.0\tpeople
1324\t"population of Cuba, nation"\tis\t11075244.0\tpeople
1325\t"population of Israel, nation"\tis\t7590758.0\tpeople
1326\t"population of Algeria, nation"\tis\t37367226.0\tpeople
1327\t"population of Estonia, nation"\tis\t1274709.0\tpeople
1328\t"population of Kenya, nation"\tis\t43013341.0\tpeople
1329\t"population of Maldives, nation"\tis\t394451.0\tpeople
1330\t"population of Zambia, nation"\tis\t13817479.0\tpeople
1331\t"population of Virgin Islands, nation"\tis\t105275.0\tpeople
1332\t"population of Afghanistan, nation"\tis\t30419928.0\tpeople
1333\t"population of Saint Barthelemy, nation"\tis\t7332.0\tpeople
1334\t"population of Antigua and Barbuda, nation"\tis\t89018.0\tpeople
1335\t"population of Turks and Caicos Islands, nation"\tis\t46335.0\tpeople
1336\t"population of Nicaragua, nation"\tis\t5727707.0\tpeople
1337\t"population of New Caledonia, nation"\tis\t260166.0\tpeople
1338\t"population of Germany, nation"\tis\t81305856.0\tpeople
1339\t"population of Niue, nation"\tis\t1269.0\tpeople
1340\t"population of Malta, nation"\tis\t409836.0\tpeople
1341\t"population of Jersey, nation"\tis\t94949.0\tpeople
1342\t"population of Cambodia, nation"\tis\t14952665.0\tpeople
1343\t"population of Canada, nation"\tis\t34300083.0\tpeople
1344\t"population of Tajikistan, nation"\tis\t7768385.0\tpeople
1345\t"population of Bangladesh, nation"\tis\t161083804.0\tpeople
1346\t"population of Aruba, nation"\tis\t107635.0\tpeople
1347\t"population of South Africa, nation"\tis\t48810427.0\tpeople
1348\t"population of Poland, nation"\tis\t38415284.0\tpeople
1349\t"population of Tanzania, nation"\tis\t46912768.0\tpeople
1350\t"population of Georgia, nation"\tis\t4570934.0\tpeople
1351\t"population of European Union, nation"\tis\t503824373.0\tpeople
1352\t"population of Singapore, nation"\tis\t5353494.0\tpeople
1353\t"population of Isle of Man, nation"\tis\t85421.0\tpeople
1354\t"population of Greece, nation"\tis\t10767827.0\tpeople
1355\t"population of Spain, nation"\tis\t47042984.0\tpeople
1356\t"population of Andorra, nation"\tis\t85082.0\tpeople
1357\t"population of Botswana, nation"\tis\t2098018.0\tpeople
1358\t"population of Wallis and Futuna, nation"\tis\t15453.0\tpeople
1359\t"population of Comoros, nation"\tis\t737284.0\tpeople
1360\t"population of Ecuador, nation"\tis\t15223680.0\tpeople
1361\t"population of Taiwan, nation"\tis\t23234936.0\tpeople
1362\t"population of Japan, nation"\tis\t127368088.0\tpeople
1363\t"population of Hong Kong, nation"\tis\t7153519.0\tpeople
1364\t"population of Kazakhstan, nation"\tis\t17522010.0\tpeople
1365\t"population of Mexico, nation"\tis\t114975406.0\tpeople
1366\t"population of Bahamas, The, nation"\tis\t316182.0\tpeople
1367\t"population of Serbia, nation"\tis\t7276604.0\tpeople
1368\t"population of Palau, nation"\tis\t21032.0\tpeople
1369\t"population of Fiji, nation"\tis\t890057.0\tpeople
1370\t"population of Ukraine, nation"\tis\t44854065.0\tpeople
1371\t"population of Saint Martin, nation"\tis\t30959.0\tpeople
1372\t"population of Barbados, nation"\tis\t287733.0\tpeople
1373\t"population of The Gambia, nation"\tis\t1840454.0\tpeople
1374\t"population of Iceland, nation"\tis\t313183.0\tpeople
1375\t"population of Saint Vincent and the Grenadines, nation"\tis\t103537.0\tpeople
1376\t"population of Kosovo, nation"\tis\t1836529.0\tpeople
1377\t"population of Hungary, nation"\tis\t9958453.0\tpeople
1378\t"population of Azerbaijan, nation"\tis\t9493600.0\tpeople
1379\t"population of Mauritania, nation"\tis\t3359185.0\tpeople
1380\t"population of Philippines, nation"\tis\t103775002.0\tpeople
1381\t"population of Lesotho, nation"\tis\t1930493.0\tpeople
1382\t"population of Montserrat, nation"\tis\t5164.0\tpeople
1383\t"population of Bulgaria, nation"\tis\t7037935.0\tpeople
1384\t"population of Thailand, nation"\tis\t67091089.0\tpeople
1385\t"population of Jordan, nation"\tis\t6508887.0\tpeople
1386\t"population of Netherlands, nation"\tis\t16730632.0\tpeople
1387\t"population of Macedonia, nation"\tis\t2082370.0\tpeople
1388\t"population of Guernsey, nation"\tis\t65345.0\tpeople
1389\t"population of Madagascar, nation"\tis\t22005222.0\tpeople
1390\t"population of Dominica, nation"\tis\t73126.0\tpeople
1391\t"population of Svalbard, nation"\tis\t1970.0\tpeople
1392\t"population of Switzerland, nation"\tis\t7925517.0\tpeople
1393\t"population of Denmark, nation"\tis\t5543453.0\tpeople
1394\t"population of Togo, nation"\tis\t6961049.0\tpeople
1395\t"population of Monaco, nation"\tis\t30510.0\tpeople
1396\t"population of French Polynesia, nation"\tis\t274512.0\tpeople
1397\t"population of Saudi Arabia, nation"\tis\t26534504.0\tpeople
1398\t"population of Uganda, nation"\tis\t33640833.0\tpeople
1399\t"population of West Bank, nation"\tis\t2622544.0\tpeople
1400\t"population of Papua New Guinea, nation"\tis\t6310129.0\tpeople
1401\t"population of Burma, nation"\tis\t54584650.0\tpeople
1402\t"population of Chad, nation"\tis\t10975648.0\tpeople
1403\t"population of China, nation"\tis\t1343239923.0\tpeople
1404\t"population of Western Sahara, nation"\tis\t522928.0\tpeople
1405\t"population of Gibraltar, nation"\tis\t29034.0\tpeople
1406\t"population of Norway, nation"\tis\t4707270.0\tpeople
1407\t"population of Malawi, nation"\tis\t16323044.0\tpeople
1408\t"population of Kyrgyzstan, nation"\tis\t5496737.0\tpeople
1409\t"population of Liberia, nation"\tis\t3887886.0\tpeople
1410\t"population of Burkina Faso, nation"\tis\t17275115.0\tpeople
1411\t"population of Macau, nation"\tis\t578025.0\tpeople
1412\t"population of Somalia, nation"\tis\t10085638.0\tpeople
1413\t"population of Iraq, nation"\tis\t31129225.0\tpeople
1414\t"population of Lithuania, nation"\tis\t3525761.0\tpeople
1415\t"population of South Sudan, nation"\tis\t10625176.0\tpeople
1416\t"population of Central African Republic, nation"\tis\t5057208.0\tpeople
1417\t"population of Sweden, nation"\tis\t9103788.0\tpeople
1418\t"population of Djibouti, nation"\tis\t774389.0\tpeople
1419\t"population of Cook Islands, nation"\tis\t10777.0\tpeople
1420\t"population of Guam, nation"\tis\t159914.0\tpeople
1421\t"population of Marshall Islands, nation"\tis\t68480.0\tpeople
1422\t"population of Australia, nation"\tis\t22015576.0\tpeople
1423\t"population of Mongolia, nation"\tis\t3179997.0\tpeople
1424\t"population of Bosnia and Herzegovina, nation"\tis\t3879296.0\tpeople
1425\t"population of Grenada, nation"\tis\t109011.0\tpeople
1426\t"population of Zimbabwe, nation"\tis\t12619600.0\tpeople
1427\t"population of Kuwait, nation"\tis\t2646314.0\tpeople
1428\t"population of Croatia, nation"\tis\t4480043.0\tpeople
1429\t"population of Tonga, nation"\tis\t106146.0\tpeople
1430\t"population of Seychelles, nation"\tis\t90024.0\tpeople
1431\t"population of New York, New York, US"\tis\t8244910.0\tpeople
1432\t"population of Los Angeles, California, US"\tis\t3819702.0\tpeople
1433\t"population of Chicago, Illinois, US"\tis\t2707120.0\tpeople
1434\t"population of Houston, Texas, US"\tis\t2145146.0\tpeople
1435\t"population of Philadelphia, Pennsylvania, US"\tis\t1536471.0\tpeople
1436\t"population of Phoenix, Arizona, US"\tis\t1469471.0\tpeople
1437\t"population of San Antonio, Texas, US"\tis\t1359758.0\tpeople
1438\t"population of San Diego, California, US"\tis\t1326179.0\tpeople
1439\t"population of Dallas, Texas, US"\tis\t1223229.0\tpeople
1440\t"population of San Jose, California, US"\tis\t967487.0\tpeople
1441\t"population of Jacksonville, Florida, US"\tis\t827908.0\tpeople
1442\t"population of Indianapolis, Indiana, US"\tis\t827609.0\tpeople
1443\t"population of Austin, Texas, US"\tis\t820611.0\tpeople
1444\t"population of San Francisco, California, US"\tis\t812826.0\tpeople
1445\t"population of Columbus, Ohio, US"\tis\t797434.0\tpeople
1446\t"population of Fort Worth, Texas, US"\tis\t758738.0\tpeople
1447\t"population of Charlotte, North Carolina, US"\tis\t751087.0\tpeople
1448\t"population of Detroit, Michigan, US"\tis\t706585.0\tpeople
1449\t"population of El Paso, Texas, US"\tis\t665568.0\tpeople
1450\t"population of Memphis, Tennessee, US"\tis\t652050.0\tpeople
1451\t"population of Boston, Massachusetts, US"\tis\t625087.0\tpeople
1452\t"population of Seattle, Washington, US"\tis\t620778.0\tpeople
1453\t"population of Denver, Colorado, US"\tis\t619968.0\tpeople
1454\t"population of Baltimore, Maryland, US"\tis\t619493.0\tpeople
1455\t"population of Washington, District of Columbia, US"\tis\t617996.0\tpeople
1456\t"population of Nashville, Tennessee, US"\tis\t609644.0\tpeople
1457\t"population of Louisville, Kentucky, US"\tis\t602011.0\tpeople
1458\t"population of Milwaukee, Wisconsin, US"\tis\t597867.0\tpeople
1459\t"population of Portland, Oregon, US"\tis\t593820.0\tpeople
1460\t"population of Oklahoma City, Oklahoma, US"\tis\t591967.0\tpeople
1461\t"population of Las Vegas, Nevada, US"\tis\t589317.0\tpeople
1462\t"population of Albuquerque, New Mexico, US"\tis\t552804.0\tpeople
1463\t"population of Tucson, Arizona, US"\tis\t525796.0\tpeople
1464\t"population of Fresno, California, US"\tis\t501362.0\tpeople
1465\t"population of Sacramento, California, US"\tis\t472178.0\tpeople
1466\t"population of Long Beach, California, US"\tis\t465576.0\tpeople
1467\t"population of Kansas City, Missouri, US"\tis\t463202.0\tpeople
1468\t"population of Mesa, Arizona, US"\tis\t446518.0\tpeople
1469\t"population of Virginia Beach, Virginia, US"\tis\t442707.0\tpeople
1470\t"population of Atlanta, Georgia, US"\tis\t432427.0\tpeople
1471\t"population of Colorado Springs, Colorado, US"\tis\t426388.0\tpeople
1472\t"population of Raleigh, North Carolina, US"\tis\t416468.0\tpeople
1473\t"population of Omaha, Nebraska, US"\tis\t415068.0\tpeople
1474\t"population of Miami, Florida, US"\tis\t408750.0\tpeople
1475\t"population of Tulsa, Oklahoma, US"\tis\t396466.0\tpeople
1476\t"population of Oakland, California, US"\tis\t395817.0\tpeople
1477\t"population of Cleveland, Ohio, US"\tis\t393806.0\tpeople
1478\t"population of Minneapolis, Minnesota, US"\tis\t387753.0\tpeople
1479\t"population of Wichita, Kansas, US"\tis\t384445.0\tpeople
1480\t"population of Arlington, Texas, US"\tis\t373698.0\tpeople
1481\t"population of Fukuoka-Kitakyushu, Japan"\tis\t2809000.0\tpeople
1482\t"population of Casablanca, Morocco"\tis\t3245000.0\tpeople
1483\t"population of Moroni, capital city of Comoros"\tis\t49000.0\tpeople
1484\t"population of Bangkok, capital city of Thailand"\tis\t6902000.0\tpeople
1485\t"population of Djibouti, capital city of Djibouti"\tis\t567000.0\tpeople
1486\t"population of London, capital city of United Kingdom"\tis\t8615000.0\tpeople
1487\t"population of Novosibirsk, Russia"\tis\t1397000.0\tpeople
1488\t"population of Port Moresby, capital city of Papua New Guinea"\tis\t314000.0\tpeople
1489\t"population of San Miguel De Tucuman, Argentina"\tis\t831000.0\tpeople
1490\t"population of Chisinau, capital city of Moldova"\tis\t650000.0\tpeople
1491\t"population of Oslo, capital city of Norway"\tis\t875000.0\tpeople
1492\t"population of Davao, Philippines"\tis\t1480000.0\tpeople
1493\t"population of Dushanbe, capital city of Tajikistan"\tis\t704000.0\tpeople
1494\t"population of Maracay, Venezuela"\tis\t1040000.0\tpeople
1495\t"population of Saint John'S, capital city of Antigua and Barbuda"\tis\t27000.0\tpeople
1496\t"population of Ankara, capital city of Turkey"\tis\t3846000.0\tpeople
1497\t"population of Phnom Penh, capital city of Cambodia"\tis\t1519000.0\tpeople
1498\t"population of La Paz, capital city of Bolivia"\tis\t1642000.0\tpeople
1499\t"population of Birmingham, United Kingdom"\tis\t2296000.0\tpeople
1500\t"population of Sapporo, Japan"\tis\t2673000.0\tpeople
1501\t"population of Sucre, Bolivia"\tis\t281000.0\tpeople
1502\t"population of Bursa, Turkey"\tis\t1559000.0\tpeople
1503\t"population of Cape Town, South Africa"\tis\t3353000.0\tpeople
1504\t"population of Podgorica, capital city of Montenegro"\tis\t144000.0\tpeople
1505\t"population of Roseau, capital city of Dominica"\tis\t14000.0\tpeople
1506\t"population of San Jose, capital city of Costa Rica"\tis\t1416000.0\tpeople
1507\t"population of Baghdad, capital city of Iraq"\tis\t5751000.0\tpeople
1508\t"population of Douala, Cameroon"\tis\t2053000.0\tpeople
1509\t"population of Barranquilla, Colombia"\tis\t1836000.0\tpeople
1510\t"population of Paris, capital city of France"\tis\t10410000.0\tpeople
1511\t"population of Copenhagen, capital city of Denmark"\tis\t1174000.0\tpeople
1512\t"population of Chongqing, China"\tis\t9401000.0\tpeople
1513\t"population of Istanbul, Turkey"\tis\t10378000.0\tpeople
1514\t"population of Bangui, capital city of Central African Republic"\tis\t702000.0\tpeople
1515\t"population of Mombassa, Kenya"\tis\t966000.0\tpeople
1516\t"population of Lilongwe, capital city of Malawi"\tis\t821000.0\tpeople
1517\t"population of Mandalay, Burma"\tis\t1009000.0\tpeople
1518\t"population of Cordoba, Argentina"\tis\t1493000.0\tpeople
1519\t"population of Dakar, capital city of Senegal"\tis\t2777000.0\tpeople
1520\t"population of Niamey, capital city of Niger"\tis\t1004000.0\tpeople
1521\t"population of Buenos Aires, capital city of Argentina"\tis\t12988000.0\tpeople
1522\t"population of Santo Domingo, capital city of Dominican Republic"\tis\t2138000.0\tpeople
1523\t"population of Tijuana, Mexico"\tis\t1629000.0\tpeople
1524\t"population of Khartoum, capital city of Sudan"\tis\t5021000.0\tpeople
1525\t"population of The Hague, Netherlands"\tis\t629000.0\tpeople
1526\t"population of Tangier, Morocco"\tis\t768000.0\tpeople
1527\t"population of Kumasi, Ghana"\tis\t1773000.0\tpeople
1528\t"population of Durban, South Africa"\tis\t2837000.0\tpeople
1529\t"population of Canberra, capital city of Australia"\tis\t384000.0\tpeople
1530\t"population of Toronto, Canada"\tis\t5377000.0\tpeople
1531\t"population of Bucaramanga, Colombia"\tis\t1065000.0\tpeople
1532\t"population of Cali, Colombia"\tis\t2352000.0\tpeople
1533\t"population of Lyon, France"\tis\t1456000.0\tpeople
1534\t"population of Brussels, capital city of Belgium"\tis\t1892000.0\tpeople
1535\t"population of Nice-Cannes, France"\tis\t977000.0\tpeople
1536\t"population of West Yorkshire, United Kingdom"\tis\t1541000.0\tpeople
1537\t"population of Saint George'S, capital city of Grenada"\tis\t40000.0\tpeople
1538\t"population of Marrakech, Morocco"\tis\t909000.0\tpeople
1539\t"population of Yekaterinburg, Russia"\tis\t1344000.0\tpeople
1540\t"population of Pago Pago, capital city of American Samoa"\tis\t60000.0\tpeople
1541\t"population of Valencia, Venezuela"\tis\t1738000.0\tpeople
1542\t"population of Bogota, capital city of Colombia"\tis\t8262000.0\tpeople
1543\t"population of Dar Es Salaam, capital city of Tanzania"\tis\t3207000.0\tpeople
1544\t"population of Stanley, capital city of Falkland Islands, Islas Malvinas"\tis\t2000.0\tpeople
1545\t"population of Budapest, capital city of Hungary"\tis\t1705000.0\tpeople
1546\t"population of Kingstown, capital city of Saint Vincent and the Grenadines"\tis\t28000.0\tpeople
1547\t"population of Guadalajara, Mexico"\tis\t4338000.0\tpeople
1548\t"population of Basra, Iraq"\tis\t923000.0\tpeople
1549\t"population of Valencia, Spain"\tis\t812000.0\tpeople
1550\t"population of Port Louis, capital city of Mauritius"\tis\t149000.0\tpeople
1551\t"population of George Town, capital city of Cayman Islands"\tis\t32000.0\tpeople
1552\t"population of Guayaquil, Ecuador"\tis\t2634000.0\tpeople
1553\t"population of Gaborone, capital city of Botswana"\tis\t196000.0\tpeople
1554\t"population of Helsinki, capital city of Finland"\tis\t1107000.0\tpeople
1555\t"population of Valletta, capital city of Malta"\tis\t199000.0\tpeople
1556\t"population of Haiphong, Vietnam"\tis\t1941000.0\tpeople
1557\t"population of Rotterdam, Netherlands"\tis\t1008000.0\tpeople
1558\t"population of Suva, capital city of Fiji"\tis\t174000.0\tpeople
1559\t"population of Oran, Algeria"\tis\t770000.0\tpeople
1560\t"population of Tarawa, capital city of Kiribati"\tis\t43000.0\tpeople
1561\t"population of Rabat, capital city of Morocco"\tis\t1770000.0\tpeople
1562\t"population of Noumea, capital city of New Caledonia"\tis\t144000.0\tpeople
1563\t"population of Tirana, capital city of Albania"\tis\t433000.0\tpeople
1564\t"population of Almaty, Kazakhstan"\tis\t1383000.0\tpeople
1565\t"population of Skopje, capital city of Macedonia"\tis\t480000.0\tpeople
1566\t"population of Havana, capital city of Cuba"\tis\t2140000.0\tpeople
1567\t"population of Bissau, capital city of Guinea-Bissau"\tis\t302000.0\tpeople
1568\t"population of Karaj, Iran"\tis\t1531000.0\tpeople
1569\t"population of Dhaka, capital city of Bangladesh"\tis\t14251000.0\tpeople
1570\t"population of Izmir, Turkey"\tis\t2679000.0\tpeople
1571\t"population of Zagreb, capital city of Croatia"\tis\t685000.0\tpeople
1572\t"population of Kingston, capital city of Jamaica"\tis\t580000.0\tpeople
1573\t"population of Maracaibo, Venezuela"\tis\t2153000.0\tpeople
1574\t"population of Managua, capital city of Nicaragua"\tis\t934000.0\tpeople
1575\t"population of Daegu, South Korea"\tis\t2458000.0\tpeople
1576\t"population of Riyadh, capital city of Saudi Arabia"\tis\t4725000.0\tpeople
1577\t"population of Kathmandu, capital city of Nepal"\tis\t990000.0\tpeople
1578\t"population of Surabaya, Indonesia"\tis\t2509000.0\tpeople
1579\t"population of Rangoon, capital city of Burma"\tis\t4259000.0\tpeople
1580\t"population of Erbil, Iraq"\tis\t1009000.0\tpeople
1581\t"population of Kampala, capital city of Uganda"\tis\t1535000.0\tpeople
1582\t"population of Douglas, capital city of Isle of Man"\tis\t26000.0\tpeople
1583\t"population of Ljubljana, capital city of Slovenia"\tis\t260000.0\tpeople
1584\t"population of Zamboanga, Philippines"\tis\t827000.0\tpeople
1585\t"population of Shenzhen, China"\tis\t9005000.0\tpeople
1586\t"population of Dili, capital city of Timor-Leste"\tis\t166000.0\tpeople
1587\t"population of Tegucigalpa, capital city of Honduras"\tis\t1000000.0\tpeople
1588\t"population of Moscow, capital city of Russia"\tis\t10523000.0\tpeople
1589\t"population of Addis Ababa, capital city of Ethiopia"\tis\t2863000.0\tpeople
1590\t"population of Bern, capital city of Switzerland"\tis\t346000.0\tpeople
1591\t"population of Charlotte Amalie, capital city of Virgin Islands"\tis\t54000.0\tpeople
1592\t"population of Quito, capital city of Ecuador"\tis\t1801000.0\tpeople
1593\t"population of Oranjestad, capital city of Aruba"\tis\t33000.0\tpeople
1594\t"population of Johor Bahru, Malaysia"\tis\t958000.0\tpeople
1595\t"population of Paramaribo, capital city of Suriname"\tis\t259000.0\tpeople
1596\t"population of Islamabad, capital city of Pakistan"\tis\t832000.0\tpeople
1597\t"population of Dnipropetrovsk, Ukraine"\tis\t1013000.0\tpeople
1598\t"population of Pretoria, capital city of South Africa"\tis\t1404000.0\tpeople
1599\t"population of Rome, capital city of Italy"\tis\t3357000.0\tpeople
1600\t"population of Porto Alegre, Brazil"\tis\t4034000.0\tpeople
1601\t"population of Bridgetown, capital city of Barbados"\tis\t112000.0\tpeople
1602\t"population of Hamburg, Germany"\tis\t1786000.0\tpeople
1603\t"population of Maseru, capital city of Lesotho"\tis\t220000.0\tpeople
1604\t"population of Andorra La Vella, capital city of Andorra"\tis\t25000.0\tpeople
1605\t"population of Montevideo, capital city of Uruguay"\tis\t1633000.0\tpeople
1606\t"population of Georgetown, capital city of Guyana"\tis\t132000.0\tpeople
1607\t"population of Tripoli, capital city of Libya"\tis\t1095000.0\tpeople
1608\t"population of Rio De Janeiro, Brazil"\tis\t11836000.0\tpeople
1609\t"population of Cebu City, Philippines"\tis\t845000.0\tpeople
1610\t"population of Monterrey, Mexico"\tis\t3838000.0\tpeople
1611\t"population of Vienna, capital city of Austria"\tis\t1693000.0\tpeople
1612\t"population of Mecca, Saudi Arabia"\tis\t1484000.0\tpeople
1613\t"population of Auckland, New Zealand"\tis\t1360000.0\tpeople
1614\t"population of Porto, Portugal"\tis\t1344000.0\tpeople
1615\t"population of Stockholm, capital city of Sweden"\tis\t1279000.0\tpeople
1616\t"population of Bujumbura, capital city of Burundi"\tis\t455000.0\tpeople
1617\t"population of Jamestown, capital city of Saint Helena, Ascension, and Tristan da Cunha"\tis\t1000.0\tpeople
1618\t"population of Lubumbashi, Democratic Republic of the Congo"\tis\t1543000.0\tpeople
1619\t"population of Saint-Pierre, capital city of Saint Pierre and Miquelon"\tis\t5000.0\tpeople
1620\t"population of Abuja, capital city of Nigeria"\tis\t1857000.0\tpeople
1621\t"population of Palikir, capital city of Federated States of Micronesia"\tis\t7000.0\tpeople
1622\t"population of Daejon, South Korea"\tis\t1497000.0\tpeople
1623\t"population of Saint Petersburg, Russia"\tis\t4575000.0\tpeople
1624\t"population of Bishkek, capital city of Kyrgyzstan"\tis\t854000.0\tpeople
1625\t"population of Mogadishu, capital city of Somalia"\tis\t1353000.0\tpeople
1626\t"population of Brasilia, capital city of Brazil"\tis\t3789000.0\tpeople
1627\t"population of Alexandria, Egypt"\tis\t4387000.0\tpeople
1628\t"population of Mendoza, Argentina"\tis\t917000.0\tpeople
1629\t"population of Sao Paulo, Brazil"\tis\t19960000.0\tpeople
1630\t"population of Khulna, Bangladesh"\tis\t1636000.0\tpeople
1631\t"population of Warsaw, capital city of Poland"\tis\t1710000.0\tpeople
1632\t"population of Vientiane, capital city of Laos"\tis\t799000.0\tpeople
1633\t"population of Tashkent, capital city of Uzbekistan"\tis\t2201000.0\tpeople
1634\t"population of Nuuk, capital city of Greenland"\tis\t15000.0\tpeople
1635\t"population of Ibadan, Nigeria"\tis\t2762000.0\tpeople
1636\t"population of Baku, capital city of Azerbaijan"\tis\t1950000.0\tpeople
1637\t"population of Kano, Nigeria"\tis\t3304000.0\tpeople
1638\t"population of Seoul, capital city of South Korea"\tis\t9778000.0\tpeople
1639\t"population of Damascus, capital city of Syria"\tis\t2527000.0\tpeople
1640\t"population of As Sulaymaniyah, Iraq"\tis\t836000.0\tpeople
1641\t"population of Adana, Turkey"\tis\t1339000.0\tpeople
1642\t"population of Hamilton, capital city of Bermuda"\tis\t12000.0\tpeople
1643\t"population of Beirut, capital city of Lebanon"\tis\t1909000.0\tpeople
1644\t"population of Brazzaville, capital city of Republic of the Congo"\tis\t1292000.0\tpeople
1645\t"population of Wellington, capital city of New Zealand"\tis\t391000.0\tpeople
1646\t"population of Port-Au-Prince, capital city of Haiti"\tis\t2143000.0\tpeople
1647\t"population of Krakow, Poland"\tis\t756000.0\tpeople
1648\t"population of Valparaiso, Chile"\tis\t865000.0\tpeople
1649\t"population of Incheon, South Korea"\tis\t2572000.0\tpeople
1650\t"population of San Salvador, capital city of El Salvador"\tis\t1534000.0\tpeople
1651\t"population of The Valley, capital city of Anguilla"\tis\t2000.0\tpeople
1652\t"population of Lille, France"\tis\t1028000.0\tpeople
1653\t"population of Thessaloniki, Greece"\tis\t834000.0\tpeople
1654\t"population of Manama, capital city of Bahrain"\tis\t163000.0\tpeople
1655\t"population of Montreal, Canada"\tis\t3750000.0\tpeople
1656\t"population of Johannesburg, South Africa"\tis\t3607000.0\tpeople
1657\t"population of Semarang, Indonesia"\tis\t1296000.0\tpeople
1658\t"population of Madrid, capital city of Spain"\tis\t5762000.0\tpeople
1659\t"population of Riga, capital city of Latvia"\tis\t711000.0\tpeople
1660\t"population of Tokyo, capital city of Japan"\tis\t36507000.0\tpeople
1661\t"population of Astana, capital city of Kazakhstan"\tis\t650000.0\tpeople
1662\t"population of Tbilisi, capital city of Georgia"\tis\t1115000.0\tpeople
1663\t"population of Palermo, Italy"\tis\t872000.0\tpeople
1664\t"population of Minsk, capital city of Belarus"\tis\t1837000.0\tpeople
1665\t"population of Huambo, Angola"\tis\t979000.0\tpeople
1666\t"population of Sanaa, capital city of Yemen"\tis\t2229000.0\tpeople
1667\t"population of Nay Pyi Taw, Burma"\tis\t992000.0\tpeople
1668\t"population of Sofia, capital city of Bulgaria"\tis\t1192000.0\tpeople
1669\t"population of Asmara, capital city of Eritrea"\tis\t649000.0\tpeople
1670\t"population of Medellin, Colombia"\tis\t3497000.0\tpeople
1671\t"population of Rajshahi, Bangladesh"\tis\t853000.0\tpeople
1672\t"population of Kuala Lumpur, capital city of Malaysia"\tis\t1493000.0\tpeople
1673\t"population of Praia, capital city of Cape Verde"\tis\t125000.0\tpeople
1674\t"population of Tallinn, capital city of Estonia"\tis\t399000.0\tpeople
1675\t"population of Road Town, capital city of British Virgin Islands"\tis\t9000.0\tpeople
1676\t"population of San Juan, capital city of Puerto Rico"\tis\t2730000.0\tpeople
1677\t"population of Banjul, capital city of The Gambia"\tis\t436000.0\tpeople
1678\t"population of Vancouver, Canada"\tis\t2197000.0\tpeople
1679\t"population of Asuncion, capital city of Paraguay"\tis\t1977000.0\tpeople
1680\t"population of Jakarta, capital city of Indonesia"\tis\t9121000.0\tpeople
1681\t"population of Tunis, capital city of Tunisia"\tis\t759000.0\tpeople
1682\t"population of Ho Chi Minh City, Vietnam"\tis\t5976000.0\tpeople
1683\t"population of Blantyre, Malawi"\tis\t856000.0\tpeople
1684\t"population of Conakry, capital city of Guinea"\tis\t1597000.0\tpeople
1685\t"population of Tabriz, Iran"\tis\t1459000.0\tpeople
1686\t"population of Majuro, capital city of Marshall Islands"\tis\t30000.0\tpeople
1687\t"population of Sao Tome, capital city of Sao Tome and Principe"\tis\t60000.0\tpeople
1688\t"population of Jerusalem, capital city of Israel"\tis\t768000.0\tpeople
1689\t"population of Perth, Australia"\tis\t1599000.0\tpeople
1690\t"population of Naples, Italy"\tis\t2270000.0\tpeople
1691\t"population of Colombo, capital city of Sri Lanka"\tis\t681000.0\tpeople
1692\t"population of N'Djamena, capital city of Chad"\tis\t808000.0\tpeople
1693\t"population of Freetown, capital city of Sierra Leone"\tis\t875000.0\tpeople
1694\t"population of Saipan, capital city of Northern Mariana Islands"\tis\t2009.0\tpeople
1695\t"population of Glasgow, United Kingdom"\tis\t1166000.0\tpeople
1696\t"population of Papeete, capital city of French Polynesia"\tis\t133000.0\tpeople
1697\t"population of Zurich, Switzerland"\tis\t1143000.0\tpeople
1698\t"population of Grand Turk, capital city of Turks and Caicos Islands"\tis\t6000.0\tpeople
1699\t"population of Guangzhou, China"\tis\t8884000.0\tpeople
1700\t"population of Libreville, capital city of Gabon"\tis\t619000.0\tpeople
1701\t"population of Antwerp, Belgium"\tis\t961000.0\tpeople
1702\t"population of Nizhniy Novgorod, Russia"\tis\t1267000.0\tpeople
1703\t"population of Nouakchott, capital city of Mauritania"\tis\t709000.0\tpeople
1704\t"population of Laayoune, Western Sahara"\tis\t237000.0\tpeople
1705\t"population of Vaduz, capital city of Liechtenstein"\tis\t5000.0\tpeople
1706\t"population of Yamoussoukro, capital city of Cote d'Ivoire"\tis\t808000.0\tpeople
1707\t"population of Lisbon, capital city of Portugal"\tis\t2808000.0\tpeople
1708\t"population of Brisbane, Australia"\tis\t1970000.0\tpeople
1709\t"population of Belgrade, capital city of Serbia"\tis\t1115000.0\tpeople
1710\t"population of Sydney, Australia"\tis\t4429000.0\tpeople
1711\t"population of Bucharest, capital city of Romania"\tis\t1933000.0\tpeople
1712\t"population of Lome, capital city of Togo"\tis\t1593000.0\tpeople
1713\t"population of Guatemala City, capital city of Guatemala"\tis\t1075000.0\tpeople
1714\t"population of Belo Horizonte, Brazil"\tis\t5736000.0\tpeople
1715\t"population of Hamah, Syria"\tis\t854000.0\tpeople
1716\t"population of Manila, capital city of Philippines"\tis\t11449000.0\tpeople
1717\t"population of Lusaka, capital city of Zambia"\tis\t1413000.0\tpeople
1718\t"population of Cologne, Germany"\tis\t1001000.0\tpeople
1719\t"population of Ashgabat, capital city of Turkmenistan"\tis\t637000.0\tpeople
1720\t"population of Barcelona, Spain"\tis\t5029000.0\tpeople
1721\t"population of Nicosia, capital city of Cyprus"\tis\t240000.0\tpeople
1722\t"population of Juba, capital city of South Sudan"\tis\t250000.0\tpeople
1723\t"population of Tel Aviv-Yafo, Israel"\tis\t3219000.0\tpeople
1724\t"population of Kharkiv, Ukraine"\tis\t1455000.0\tpeople
1725\t"population of Honiara, capital city of Solomon Islands"\tis\t72000.0\tpeople
1726\t"population of Male, capital city of Maldives"\tis\t120000.0\tpeople
1727\t"population of Amsterdam, capital city of Netherlands"\tis\t1044000.0\tpeople
1728\t"population of Munich, Germany"\tis\t1349000.0\tpeople
1729\t"population of Apia, capital city of Samoa"\tis\t36000.0\tpeople
1730\t"population of Yerevan, capital city of Armenia"\tis\t1110000.0\tpeople
1731\t"population of Muscat, capital city of Oman"\tis\t634000.0\tpeople
1732\t"population of Athens, capital city of Greece"\tis\t3252000.0\tpeople
1733\t"population of Kabul, capital city of Afghanistan"\tis\t3573000.0\tpeople
1734\t"population of Nagoya, Japan"\tis\t3257000.0\tpeople
1735\t"population of Abidjan, Cote d'Ivoire"\tis\t4009000.0\tpeople
1736\t"population of Santa Cruz, Bolivia"\tis\t1584000.0\tpeople
1737\t"population of Puebla, Mexico"\tis\t2278000.0\tpeople
1738\t"population of Antananarivo, capital city of Madagascar"\tis\t1816000.0\tpeople
1739\t"population of Donetsk, Ukraine"\tis\t971000.0\tpeople
1740\t"population of Beijing, capital city of China"\tis\t12214000.0\tpeople
1741\t"population of Nairobi, capital city of Kenya"\tis\t3375000.0\tpeople
1742\t"population of Kananga, Democratic Republic of the Congo"\tis\t878000.0\tpeople
1743\t"population of Abu Dhabi, capital city of United Arab Emirates"\tis\t666000.0\tpeople
1744\t"population of Arequipa, Peru"\tis\t778000.0\tpeople
1745\t"population of Kolkata, India"\tis\t15294000.0\tpeople
1746\t"population of Chittagong, Bangladesh"\tis\t4816000.0\tpeople
1747\t"population of Kisangani, Democratic Republic of the Congo"\tis\t812000.0\tpeople
1748\t"population of Basseterre, capital city of Saint Kitts and Nevis"\tis\t13000.0\tpeople
1749\t"population of Luxembourg, capital city of Luxembourg"\tis\t90000.0\tpeople
1750\t"population of Rawalpindi, Pakistan"\tis\t2026000.0\tpeople
1751\t"population of Algiers, capital city of Algeria"\tis\t2740000.0\tpeople
1752\t"population of Hagatna, capital city of Guam"\tis\t153000.0\tpeople
1753\t"population of Berlin, capital city of Germany"\tis\t3438000.0\tpeople
1754\t"population of Nassau, capital city of Bahamas, The"\tis\t248000.0\tpeople
1755\t"population of Thimphu, capital city of Bhutan"\tis\t89000.0\tpeople
1756\t"population of Odesa, Ukraine"\tis\t1009000.0\tpeople
1757\t"population of Ulaanbaatar, capital city of Mongolia"\tis\t949000.0\tpeople
1758\t"population of Mosul, Iraq"\tis\t1447000.0\tpeople
1759\t"population of Ad Dammam, Saudi Arabia"\tis\t902000.0\tpeople
1760\t"population of Shanghai, China"\tis\t16575000.0\tpeople
1761\t"population of Kigali, capital city of Rwanda"\tis\t909000.0\tpeople
1762\t"population of Maputo, capital city of Mozambique"\tis\t1589000.0\tpeople
1763\t"population of Kyiv, capital city of Ukraine"\tis\t2779000.0\tpeople
1764\t"population of Milan, Italy"\tis\t2962000.0\tpeople
1765\t"population of Bandar Seri Begawan, capital city of Brunei"\tis\t22000.0\tpeople
1766\t"population of Dublin, capital city of Ireland"\tis\t1084000.0\tpeople
1767\t"population of Mbuji-Mayi, Democratic Republic of the Congo"\tis\t1488000.0\tpeople
1768\t"population of Cotonou, Benin"\tis\t815000.0\tpeople
1769\t"population of Sarajevo, capital city of Bosnia and Herzegovina"\tis\t392000.0\tpeople
1770\t"population of Luanda, capital city of Angola"\tis\t4511000.0\tpeople
1771\t"population of Aleppo, Syria"\tis\t2985000.0\tpeople
1772\t"population of Lima, capital city of Peru"\tis\t8769000.0\tpeople
1773\t"population of Mexico City, capital city of Mexico"\tis\t19319000.0\tpeople
1774\t"population of Vilnius, capital city of Lithuania"\tis\t546000.0\tpeople
1775\t"population of Haifa, Israel"\tis\t1027000.0\tpeople
1776\t"population of Bandung, Indonesia"\tis\t2412000.0\tpeople
1777\t"population of Mumbai, India"\tis\t19695000.0\tpeople
1778\t"population of Ottawa, capital city of Canada"\tis\t1170000.0\tpeople
1779\t"population of Bratislava, capital city of Slovakia"\tis\t428000.0\tpeople
1780\t"population of Victoria, capital city of Seychelles"\tis\t26000.0\tpeople
1781\t"population of Accra, capital city of Ghana"\tis\t2269000.0\tpeople
1782\t"population of Doha, capital city of Qatar"\tis\t427000.0\tpeople
1783\t"population of Medina, Saudi Arabia"\tis\t1104000.0\tpeople
1784\t"population of Busan, South Korea"\tis\t3439000.0\tpeople
1785\t"population of Windhoek, capital city of Namibia"\tis\t342000.0\tpeople
1786\t"population of Mashhad, Iran"\tis\t2592000.0\tpeople
1787\t"population of Castries, capital city of Saint Lucia"\tis\t15000.0\tpeople
1788\t"population of Tehran, capital city of Iran"\tis\t7190000.0\tpeople
1789\t"population of Klang, Malaysia"\tis\t1071000.0\tpeople
1790\t"population of Turin, Italy"\tis\t1662000.0\tpeople
1791\t"population of Hims, Syria"\tis\t1276000.0\tpeople
1792\t"population of Reykjavik, capital city of Iceland"\tis\t198000.0\tpeople
1793\t"population of Lagos, Nigeria"\tis\t10203000.0\tpeople
1794\t"population of Matola, Mozambique"\tis\t761000.0\tpeople
1795\t"population of Kaduna, Nigeria"\tis\t1519000.0\tpeople
1796\t"population of Prague, capital city of Czech Republic"\tis\t1162000.0\tpeople
1797\t"population of Rosario, Argentina"\tis\t1231000.0\tpeople
1798\t"population of New Delhi, capital city of India"\tis\t21720000.0\tpeople
1799\t"population of Ekurhuleni, South Africa"\tis\t3144000.0\tpeople
1800\t"population of Kuwait, capital city of Kuwait"\tis\t2230000.0\tpeople
1801\t"population of Porto-Novo, capital city of Benin"\tis\t276000.0\tpeople
1802\t"population of Faisalabad, Pakistan"\tis\t2849000.0\tpeople
1803\t"population of Belmopan, capital city of Belize"\tis\t20000.0\tpeople
1804\t"population of Monrovia, capital city of Liberia"\tis\t882000.0\tpeople
1805\t"population of Mbabane, capital city of Swaziland"\tis\t74000.0\tpeople
1806\t"population of Port-Of-Spain, capital city of Trinidad and Tobago"\tis\t57000.0\tpeople
1807\t"population of Harare, capital city of Zimbabwe"\tis\t1606000.0\tpeople
1808\t"population of Bangalore, India"\tis\t7079000.0\tpeople
1809\t"population of Fes, Morocco"\tis\t1044000.0\tpeople
1810\t"population of Malabo, capital city of Equatorial Guinea"\tis\t128000.0\tpeople
1811\t"population of Melbourne, Australia"\tis\t3853000.0\tpeople
1812\t"population of Kinshasa, capital city of Democratic Republic of the Congo"\tis\t8401000.0\tpeople
1813\t"population of Karachi, Pakistan"\tis\t13125000.0\tpeople
1814\t"population of Yaounde, capital city of Cameroon"\tis\t1739000.0\tpeople
1815\t"population of Bamako, capital city of Mali"\tis\t1628000.0\tpeople
1816\t"population of Marseille-Aix-En-Provence, France"\tis\t1457000.0\tpeople
1817\t"population of Panama City, capital city of Panama"\tis\t1346000.0\tpeople
1818\t"population of Osaka-Kobe, Japan"\tis\t11325000.0\tpeople
1819\t"population of Amman, capital city of Jordan"\tis\t1088000.0\tpeople
1820\t"population of Hanoi, capital city of Vietnam"\tis\t2668000.0\tpeople
1821\t"population of Ouagadougou, capital city of Burkina Faso"\tis\t1777000.0\tpeople
1822\t"population of Caracas, capital city of Venezuela"\tis\t3051000.0\tpeople
1823\t"population of Jeddah, Saudi Arabia"\tis\t3234000.0\tpeople
1824\t"population of Esfahan, Iran"\tis\t1704000.0\tpeople
1825\t"population of Santiago, capital city of Chile"\tis\t5883000.0\tpeople
1826\t"population of Barquisimeto, Venezuela"\tis\t1159000.0\tpeople
1827\t"population of Manchester, United Kingdom"\tis\t2247000.0\tpeople
1828\t"population of Cairo, capital city of Egypt"\tis\t10902000.0\tpeople
1829\t"population of Lahore, Pakistan"\tis\t7132000.0\tpeople
1830\t"population of Chennai, India"\tis\t7416000.0\tpeople
1831\t"population of Medan, Indonesia"\tis\t2131000.0\tpeople
1832\t"population of Calgary, Canada"\tis\t1160000.0\tpeople
1833\t"population of Da Nang, Vietnam"\tis\t807000.0\tpeople
